title,image_url
Appareils et prises AMD,https://emagpim-1d1da.kxcdn.com/1260090.jpg?format=png&width=300&height=140&fit=contain&bg=FFFFFF
"Appareils et prises INC, sec",https://emagpim-1d1da.kxcdn.com/1257983.jpg?format=png&width=300&height=140&fit=contain&bg=FFFFFF
"Appareils et prises INC, mouillé",https://emagpim-1d1da.kxcdn.com/1255387.jpg?format=png&width=300&height=140&fit=contain&bg=FFFFFF
Interrupteurs de charge,https://emagpim-1d1da.kxcdn.com/1258868.jpg?format=png&width=300&height=140&fit=contain&bg=FFFFFF
Disjoncteurs de moteur ou de puissance,https://emagpim-1d1da.kxcdn.com/1258846.jpg?format=png&width=300&height=140&fit=contain&bg=FFFFFF
"Contacteurs, contacteurs auxiliaires, combinaisons de contacteurs",https://emagpim-1d1da.kxcdn.com/1258875.jpg?format=png&width=300&height=140&fit=contain&bg=FFFFFF
Démarreurs progressifs et à régime progressif,https://emagpim-1d1da.kxcdn.com/1258554.jpg?format=png&width=300&height=140&fit=contain&bg=FFFFFF
Convertisseurs de fréquence,https://emagpim-1d1da.kxcdn.com/1258706.jpg?format=png&width=300&height=140&fit=contain&bg=FFFFFF
Eléments de commande et signalisation,https://emagpim-1d1da.kxcdn.com/1257414.jpg?format=png&width=300&height=140&fit=contain&bg=FFFFFF
"Interrupteurs fin de course et de proximité, microrupteurs",https://emagpim-1d1da.kxcdn.com/1253738.jpg?format=png&width=300&height=140&fit=contain&bg=FFFFFF